f1,f2,label
8.444218515250482,7.579544029403024,1
5.112747213686085,4.049341374504143,1
7.837985890347726,3.0331272607892745,1
9.081128851953352,5.046868558173903,1
2.8183784439970383,7.558042041572239,0
9.097462559682402,9.827854760376532,1
8.102172359965895,9.021659504395828,1
8.988382879679936,6.839839319154413,1
4.721427154527134,1.007012080683658,0
9.130110532378982,9.666063677707587,1
4.77009776552717,8.6530992777164,0
5.486993038355893,0.14041700164018955,1
7.1970468640395415,3.9882354222426875,1
0.011428193144282783,4.935778664653246,0
8.676027754927809,2.4391087688713196,1
1.9106709150239054,5.675107406206719,0
2.3861592861522016,9.675402502901434,0
0.8044581855253541,3.2005460467254574,0
5.07940642520574,9.328338242269067,1
7.065614098668896,5.474409113284238,1
8.14466863291336,5.402836069703239,1
5.8761706417543635,4.4498902627551615,1
5.962868615831063,3.8490114597266043,0
1.8939132855435614,1.867295282555551,0
6.127731798686067,6.566593889896288,1
7.576039219664368,8.767703708227748,1
9.233810159462806,8.424602231401824,1
5.405999249480544,3.912960502346249,0
7.052833998544062,2.7563412131212717,1
8.950389674266752,5.898011835311598,1
9.497648732321206,5.796950107456059,1
9.962578393535727,9.16941217947456,1
7.933250841302241,0.823729881966474,1
6.301473404114728,8.450775756715153,1
2.4303562206185623,7.3148922079084775,0
7.9458297171057595,3.3253614921965546,1
8.159130965336596,1.006075202160962,1
0.4523406786561235,5.7386603678916694,0
9.100160146990397,5.341979682607239,1
6.349999099114583,6.063384177542189,1
5.759529480315408,3.912094093228269,0
0.36392037611485795,0.21636509855024078,0
9.61031280239611,1.8497194139743833,1
8.00746590354181,9.369691586445807,1
0.22782575668658378,4.256188319668172,0
2.2082927131631735,6.469257198353225,0
3.502939673965323,1.8031790152968785,0
1.0092124118896661,9.88235148722501,0
1.9935579046706298,3.5855530131160185,0
9.184820619953314,1.6942460609746768,1
6.726405635730526,9.665489030431832,1
8.454245937016164,3.4231254107858398,1
2.5068733928511167,5.96791393469411,0
4.71625415096288,4.0990539565755455,1
5.691127395242802,5.086001300626331,1
8.37661174368979,2.5093266482213705,1
5.606002188535239,0.12436318829314397,1
0.4569649356841665,2.8088316421834825,0
2.4013040782635398,9.531293398277988,0
3.5920119725374633,9.46905835657891,0
6.337478522492526,6.210768456186672,1
4.144179882772473,6.50832862263345,0
0.01524221856720187,1.923095412446758,0
6.373994011293003,3.7864807032309447,1
8.754233917130172,5.681514209101919,1
7.018296239336754,4.18226553292466,1
6.621958889738174,0.46779685956798267,1
1.5768657212231085,5.275731301676147,0
4.872656010690321,5.614049256144269,0
4.945826703752868,3.12058246416873,0
4.668922353525236,8.090458573603623,1
1.88001294050828,9.994203594553303,0
6.330887599183004,0.8346705017572931,1
4.018168222125436,6.785150052419683,0
3.1617713722134235,2.135246620646961,0
8.227314105314157,5.283459768597928,1
0.9778434180065931,1.1890389478474583,0
2.7998274332687254,9.785151867733981,0
1.0018068906370903,8.539381095973383,0
2.747138434192621,4.529781848179143,0
7.923415311856522,8.613599036372362,1
6.507832381497373,3.4705301459960145,1
8.718638357105862,2.7840981521636055,1
6.809967701112432,5.583557360970469,1
9.46502554169996,9.384387997349187,1
7.4913482339086315,7.013248175948597,1
6.553618646747296,7.1235765251624175,1
3.72449262972256,5.379287837318206,0
2.0784410369082473,5.871255046951434,0
3.334083880298664,7.896231589257826,0
7.1849942277153955,3.3825597002667864,1
1.6386054567557595,9.819140701253055,0
2.8953085363586695,3.9479198298829066,0
4.78064669151021,2.397060836386239,0
0.4825636228829444,1.7958684904155564,0
4.031691464450935,3.285207100154869,0
4.147216089714424,0.9940033823870109,1
8.408483326276716,9.76229457649057,1
3.4365159365776776,4.790865191519861,0
3.0190311621935595,7.347509912186152,0
8.943997782145745,9.196888444316102,1
9.74560521479694,6.388785175004733,1
0.6583467727730097,0.8466956912011114,0
0.07851005331251826,3.9380795178170946,0
5.1900372870132925,4.4854428559655455,0
6.7930256737212495,4.230380735074225,1
3.6833145633442586,9.884590580992894,0
4.312210246320442,3.5852038200953897,1
0.6385794894382868,8.635789443020425,0
4.516117926868677,6.769209668166035,0
1.1891028655385572,3.9795360160231343,0
9.4796135125632,2.1589436846535714,1
1.463544898080057,1.9797004355794223,0
1.5133436847289106,9.886898889857566,0
9.82989210545282,1.4840201708602985,1
8.776565829010952,4.9540592491118876,1
9.170466727598152,3.224603148813061,1
6.700681513152942,2.019913087994536,1
6.097706104167804,2.1877309687215574,0
8.990080380310076,8.181183809177941,1
0.35468261876012264,1.4836688246192975,0
8.423333270773671,5.829481802462215,1
7.181316517768294,8.070553799750758,1
8.688953140043784,0.3941582937802879,1
2.2509065367649606,0.4063202664590093,1
3.3059436725008027,1.606900602627206,0
1.488194902889095,6.5608366177033695,0
9.01090476884005,5.024285989524275,1
5.738724774915492,6.785713567893591,1
9.905325627055623,7.469653891501328,1
9.057807233528663,2.061048320655833,1
8.256966171603539,4.822135630659162,1
7.910402117090955,3.885688901501142,1
7.980594711041583,6.569845518861341,1
0.0024069652516689466,1.8196892218621108,0
0.6562084327273077,8.598834221214616,0
9.429470213131632,3.0280487814903365,1
0.6225875887122312,6.409848625624503,0
1.2732081293278708,2.870883399952252,0
0.35933833430188966,4.178660447962946,0
4.9183095909626395,8.633251831082008,0
1.5137377239978678,9.867059242186832,0
4.1114019628748135,6.1177086432486,0
4.708892090480652,1.5136775389483625,1
0.3246546237394399,6.174004236810054,0
5.491437662317772,3.466679766399683,0
3.834140731648874,7.764198986996783,0
6.101197429062234,4.671884150380703,1
6.3231264005538454,3.378653798287524,1
6.220374427466569,7.885664913738635,1
1.271091249471088,9.117833181295222,0
8.725347217734669,6.81006446357057,1
8.10250849437359,5.190073092314018,1
7.8211410635729415,4.4457960405634065,1
7.5661622129736505,4.554702368121878,1
0.4464090542441246,9.342895823715677,0
4.861651007487351,9.010713996489047,1
5.717968260934746,2.1597938410680917,0
0.9347621929900818,8.193942150822732,0
6.98502432731625,4.201111160748208,1
3.053115900269564,1.1344489563770899,0
9.228805831375125,9.357547693309531,1
4.156411965409132,0.992109880980957,0
0.3070084595190614,4.467185991338365,0
6.864181042985581,0.30134234552269934,1
7.2254277208883995,0.785385396518038,1
0.7032946587635569,3.592533148212369,0
0.09964241312966027,9.743235128409678,0
8.190066990688628,0.7051761147818736,1
2.0479079826935,6.7375914552883405,0
9.382622681625481,1.231881212292374,1
0.24650014436155776,6.04848237580531,0
8.591756086192088,1.8699170242285779,1
9.591715206073138,1.3015769442868408,1
9.665192604669938,3.6223986994484925,1
9.371268442154697,9.581478949874976,1
6.359157065077435,1.8404555017515556,1
5.808493815940804,1.5640306008300875,1
8.976753141502057,9.456783914956151,1
2.428386899579852,7.548584132190378,0
2.91059519145354,4.197853778540753,0
0.20549620641776678,0.779211200935358,0
0.7321114936486084,4.202317021741468,0
1.4228347384241602,4.221887461694188,0
6.369660374117204,0.8455569481893255,1
9.489319289416617,0.5785711390101722,1
4.086262211831481,4.172254797962051,0
2.03990275946234,2.933116551663051,0
4.708875424493587,9.502683295716212,1
5.581815883930464,6.882003035685332,0
7.956571556821323,4.461643839498476,1
4.317164955641121,2.479576688970051,1
4.534470315306477,9.37104646290456,1
6.373035243637815,4.832879882681002,1
2.0363990437036996,0.018431606156659175,0
0.07776649435864202,2.985601210181208,0
7.686342595428415,6.289203785446209,1
7.0629404299968845,4.714349217158037,1
6.781787462359636,7.6008983672349215,1
2.8008838468838926,9.840151371182454,1
